lib,rep1_25,rep2_25,rep3_25,rep1_50,rep2_50,rep3_50,rep1_75,rep1_75,rep1_75,rep2_7,rep2_7,rep2_7,rep1_4,rep2_4,rep3_4,avg_25,SE_25,avg_50,SE_50,avg_75,SE_75,avg_7,SE_7,avg_4,SE_4,ratio_25,ratio_50,ratio_75,ratio_7,ratio_4,SE_ratio_25,SE_ratio_50,SE_ratio_75,SE_ratio_7,SE_ratio_4
Protein_Family,10.14337357,10.00551437,10.13316178,9.678737005,9.724690072,9.857443376,8.958805629,9.597042665,9.43875988,10.09496967,10.49322958,9.525151645,7.200620877,7.712844393,7.557625146,10.09401657,0.044349183,9.753623484,0.053578131,9.331536058,0.191884809,10.03778363,0.280918971,7.490363472,0.151642488,1,0.966277737,0.92446213,1,0.746216869,0.006213504,0.006796892,0.01943884,0.0395784,0.025775127
Metagenomic_1,9.669352132,9.732292716,10.0218194,7.523078214,7.334256462,7.825193018,4.986572675,5.036925143,5.074689493,10.11689671,10.05025374,10.03544419,8.724799084,8.954347096,8.732203858,9.807821417,0.108530691,7.560842565,0.142973523,5.032729104,0.025523508,10.06753154,0.025050085,8.803783346,0.075312216,1,0.77089929,0.513134252,1,0.874472884,0.015649304,0.016890057,0.006246143,0.003518854,0.00779072
Metagenomic_2,10.23581739,10.30505203,10.11623028,6.635615979,7.095082242,7.107670359,5.351628063,4.992866734,5.137630077,10.69446913,10.80554075,10.88699327,8.13982189,8.221274411,8.013940722,10.21903323,0.055150384,6.94612286,0.155295962,5.160708291,0.104206327,10.79566771,0.05579574,8.125012341,0.060308393,1,0.67972407,0.505009444,1,0.752617861,0.00763227,0.015633223,0.010555215,0.007309144,0.006807186